Period,Difference
1970.0 - 1980.0,4.9
1980.0 - 1990.0,8.100000000000001
1990.0 - 2000.0,13.100000000000001
2000.0 - 2010.0,15.0
2010.0 - 2019.0,9.899999999999999
